tanh_profile function in utils/binning_planar.py -> tanh_profile(psi_cc, *popt)rho_l, rho_v, z01, z02, w1, w2, A, freq, phase, d
7.303003357679215268e-01
1.914119365553071730e-02
2.798776042006162967e+01
1.482801303712360852e+00
2.613999462894773362e+00
3.293505782250705782e-01
3.225322404378878627e-01
5.906390286100242193e+00
1.544718587443573199e+01
6.237397547317385715e+00
