tanh_profile function in utils/binning_planar.py -> tanh_profile(psi_cc, *popt)rho_l, rho_v, z01, z02, w1, w2, A, freq, phase, d
7.861659863725164454e-01
7.369073856727369892e-03
2.653576563123878884e+01
1.463939800932099411e+00
2.024281131403832923e+00
2.406498346484601536e-01
3.100540222650654543e-01
6.357505587490527965e+00
1.440988220403687592e+01
9.691982337233101319e+00
