tanh_profile function in utils/binning_planar.py -> tanh_profile(psi_cc, *popt)rho_l, rho_v, z01, z02, w1, w2, A, freq, phase, d
8.583595607244264292e-01
3.265641125368232297e-04
2.461780959846874595e+01
1.406559854145982280e+00
1.426244064821073909e+00
7.081454046992612106e-03
4.728734612044866448e-01
6.852864737977958143e+00
1.315790553890233028e+01
1.327120628156208504e+01
