tanh_profile function in utils/binning_planar.py -> tanh_profile(psi_cc, *popt)rho_l, rho_v, z01, z02, w1, w2, A, freq, phase, d
6.255653724177193675e-01
6.605814485726310692e-02
3.032651338387928419e+01
1.515978897113423818e+00
4.344215328803266551e+00
3.361941946852055607e-01
5.362942177145126887e-01
4.519430565237722242e+00
1.841192380558136676e+01
3.067167171126566672e+00
