tanh_profile function in utils/binning_planar.py -> tanh_profile(psi_cc, *popt)rho_l, rho_v, z01, z02, w1, w2, A, freq, phase, d
6.995000765648888841e-01
3.092275397943658813e-02
2.867296247552727806e+01
1.505299785182727001e+00
2.965546392618250149e+00
3.897477971322181323e-01
4.436149194341859614e-01
-5.532063778238661023e+00
2.143982023659208025e+01
4.289481686308758590e+00
