tanh_profile function in utils/binning_planar.py -> tanh_profile(psi_cc, *popt)rho_l, rho_v, z01, z02, w1, w2, A, freq, phase, d
8.348367361304109835e-01
-1.474198245127479644e-03
2.523545283852190479e+01
1.438937711832736888e+00
1.599590115146132696e+00
2.184313193135611897e-03
4.125799171033801560e-01
6.847065026734267867e+00
1.308814260866276058e+01
1.136365050740096194e+01
