tanh_profile function in utils/binning_planar.py -> tanh_profile(psi_cc, *popt)rho_l, rho_v, z01, z02, w1, w2, A, freq, phase, d
8.118685952116747595e-01
-3.469296875726776870e-03
2.588641306028916134e+01
1.460397167614657654e+00
1.784023553520724503e+00
2.148938706146111544e-01
3.520608053375762769e-01
6.477851460745798207e+00
1.413307117377014244e+01
1.079656582994743452e+01
