tanh_profile function in utils/binning_planar.py -> tanh_profile(psi_cc, *popt)rho_l, rho_v, z01, z02, w1, w2, A, freq, phase, d
7.590693318390335786e-01
1.220981858321257621e-02
2.724456691136203901e+01
1.470351148996032808e+00
2.218396515479213349e+00
2.799368971558936492e-01
2.877981564565926798e-01
6.193502039302358320e+00
1.479329946934678475e+01
8.525245380974750375e+00
