tanh_profile function in utils/binning_planar.py -> tanh_profile(psi_cc, *popt)rho_l, rho_v, z01, z02, w1, w2, A, freq, phase, d
5.788462034594683558e-01
9.297361377948583361e-02
3.143906655453729471e+01
1.504181273296500088e+00
5.986123535515495142e+00
3.223358746508390160e-01
3.858391560223725647e-01
4.578582562543672019e+00
1.830735470169116397e+01
3.406701075147261726e+00
