tanh_profile function in utils/binning_planar.py -> tanh_profile(psi_cc, *popt)rho_l, rho_v, z01, z02, w1, w2, A, freq, phase, d
6.650477730092877460e-01
4.473058021805430273e-02
2.950408292237287711e+01
1.520293311350996879e+00
3.519490753403629935e+00
3.895545824892152065e-01
5.628295162451888434e-01
5.106493346980930603e+00
1.716094370318708329e+01
3.307757126091984912e+00
